specific,general,depth,similarity,offset_consistency
acrodont,animal,0,0.1712772250175476,0.4323459565639496
adult,animal,0,0.5776878595352173,0.13657613098621368
biped,animal,0,0.4926566481590271,0.3436489701271057
captive,animal,0,0.619766354560852,0.36806195974349976
chordate,animal,0,0.3159905970096588,0.44853684306144714
creepy-crawly,animal,0,0.2673034071922302,0.5567122101783752
critter,animal,0,0.35328322649002075,0.5035567283630371
darter,animal,0,0.48670536279678345,0.6453583836555481
domestic animal,animal,0,0.7558545470237732,0.3095834255218506
embryo,animal,0,0.6045079827308655,0.1803092658519745
feeder,animal,0,0.6090549230575562,0.24442031979560852
female,animal,0,0.5724756121635437,-0.10115928947925568
fictional animal,animal,0,0.7031727433204651,0.3671611249446869
game,animal,0,0.5596769452095032,0.37696579098701477
giant,animal,0,0.6313625574111938,0.419648677110672
herbivore,animal,0,0.4622267484664917,0.4461732804775238
hexapod,animal,0,0.44082871079444885,0.44013461470603943
homeotherm,animal,0,0.41337335109710693,0.6360622644424438
insectivore,animal,0,0.46665093302726746,0.46830564737319946
invertebrate,animal,0,0.351382851600647,0.34801483154296875
larva,animal,0,0.24532251060009003,0.12062104046344757
male,animal,0,0.5455150008201599,-0.017411621287465096
marine animal,animal,0,0.5526377558708191,0.21315817534923553
mate,animal,0,0.6163746118545532,0.24943344295024872
metazoan,animal,0,0.2579251825809479,0.44486743211746216
migrator,animal,0,0.5278511643409729,0.6088420748710632
molter,animal,0,0.5208695530891418,0.6279579401016235
mutant,animal,0,0.6553517580032349,0.2991630434989929
omnivore,animal,0,0.4575974643230438,0.5260196328163147
peeper,animal,0,0.4035375118255615,0.5889508724212646
pest,animal,0,0.5758578777313232,0.09636050462722778
pet,animal,0,0.6672866344451904,0.1621972769498825
pleurodont,animal,0,0.2655181288719177,0.4669726490974426
poikilotherm,animal,0,0.3698531985282898,0.6729087233543396
predator,animal,0,0.681259036064148,0.23091091215610504
prey,animal,0,0.6941731572151184,0.3528870940208435
racer,animal,0,0.5493661761283875,0.22623740136623383
range animal,animal,0,0.7123125791549683,0.38613298535346985
scavenger,animal,0,0.41989392042160034,0.4417455196380615
stayer,animal,0,0.42044687271118164,0.6390231251716614
stunt,animal,0,0.6630948185920715,0.283372163772583
survivor,animal,0,0.5595079064369202,0.19312620162963867
thoroughbred,animal,0,0.6045501828193665,0.4049840271472931
varmint,animal,0,0.43139830231666565,0.6715828776359558
work animal,animal,0,0.6980252861976624,0.41931161284446716
young,animal,0,0.5372469425201416,0.3336032032966614
zooplankton,animal,0,0.398034930229187,0.4061722457408905
cephalochordate,chordate,1,0.35380658507347107,0.05779604986310005
tunicate,chordate,1,0.49912169575691223,-0.008340606465935707
vertebrate,chordate,1,0.4077252149581909,-0.2687768042087555
dog,domestic animal,1,0.6235895156860352,0.04798587039113045
domestic cat,domestic animal,1,0.8530778884887695,0.13596022129058838
feeder,domestic animal,1,0.4350023865699768,0.012743188068270683
head,domestic animal,1,0.4183189570903778,0.08650030195713043
stocker,domestic animal,1,0.4071633517742157,0.40747520327568054
stray,domestic animal,1,0.45187699794769287,0.007428268436342478
blastula,embryo,1,0.514877438545227,0.3374522924423218
gastrula,embryo,1,0.3265521228313446,0.34830811619758606
morula,embryo,1,0.5963079929351807,0.33904576301574707
dam,female,1,0.1619167923927307,0.4083995819091797
female mammal,female,1,0.8633049130439758,0.37043485045433044
filly,female,1,0.47862371802330017,0.3013238310813904
hen,female,1,0.5221808552742004,0.21104931831359863
big game,game,1,0.5191263556480408,0.2503372132778168
game bird,game,1,0.6881867051124573,0.05062979459762573
Symbion pandora,invertebrate,1,0.4110819101333618,0.19228757917881012
arthropod,invertebrate,1,0.6633524298667908,-0.0027528470382094383
brachiopod,invertebrate,1,0.6681343913078308,0.06236335635185242
bryozoan,invertebrate,1,0.5892527103424072,0.2364179790019989
coelenterate,invertebrate,1,0.29370251297950745,0.19757384061813354
ctenophore,invertebrate,1,0.5918487310409546,0.28544971346855164
echinoderm,invertebrate,1,0.7463257908821106,0.1893547624349594
ectoproct,invertebrate,1,0.6121054887771606,0.2129202038049698
entoproct,invertebrate,1,0.5817210078239441,0.2135525345802307
mollusk,invertebrate,1,0.2342294305562973,-0.22796091437339783
peanut worm,invertebrate,1,0.21316857635974884,0.1107519268989563
phoronid,invertebrate,1,0.5232959985733032,0.30427616834640503
rotifer,invertebrate,1,0.45903727412223816,0.016406144946813583
sponge,invertebrate,1,0.16544710099697113,-0.09790672361850739
woodborer,invertebrate,1,0.43956243991851807,0.22540420293807983
worm,invertebrate,1,0.21050438284873962,-0.09603986889123917
zoophyte,invertebrate,1,0.64835524559021,0.11450529098510742
aphid lion,larva,1,0.36031046509742737,0.2930213510990143
ascidian tadpole,larva,1,0.6504121422767639,0.30483314394950867
bladder worm,larva,1,0.33329182863235474,0.2936365306377411
bot,larva,1,0.3449050784111023,-0.06611783802509308
caseworm,larva,1,0.36586451530456543,0.29923444986343384
caterpillar,larva,1,0.6956166625022888,0.18667055666446686
cercaria,larva,1,0.2688162922859192,0.380584180355072
doodlebug,larva,1,0.24970586597919464,0.37722811102867126
grub,larva,1,0.21465280652046204,0.34700992703437805
hellgrammiate,larva,1,0.16807407140731812,0.44231703877449036
leptocephalus,larva,1,0.3541194200515747,0.417210191488266
mealworm,larva,1,0.345852792263031,0.2691323459148407
nymph,larva,1,0.38571104407310486,0.28509438037872314
strawworm,larva,1,0.335830420255661,0.32500988245010376
tadpole,larva,1,0.6656181216239929,0.03513294458389282
wiggler,larva,1,0.24290890991687775,0.33395683765411377
wireworm,larva,1,0.28744006156921387,0.32396888732910156
bullock,male,1,0.3994799852371216,0.2553432583808899
colt,male,1,0.39286962151527405,0.24083618819713593
male horse,male,1,0.6997784376144409,0.3038298785686493
sire,male,1,0.4214983880519867,0.3889119625091553
by-catch,marine animal,1,0.40927091240882874,0.2736755311489105
vermin,pest,1,0.3124837875366211,0.35151100158691406
carnivore,predator,1,0.3277442753314972,0.3139025866985321
finisher,racer,1,0.1615631878376007,0.24735939502716064
greyhound,racer,1,0.8109775185585022,-0.08638667315244675
steeplechaser,racer,1,0.299455851316452,0.2678094506263733
bottom-feeder,scavenger,1,0.553528368473053,0.209318608045578
beast of burden,work animal,1,0.443149209022522,0.2732096016407013
draft animal,work animal,1,0.7438797354698181,0.17240075767040253
hatchling,young,1,0.34601762890815735,0.05633888021111488
orphan,young,1,0.6857330799102783,-0.09953363239765167
spat,young,1,0.4785422384738922,-0.02322995476424694
young bird,young,1,0.4449143409729004,-0.15228524804115295
young fish,young,1,0.47819995880126953,-0.03521062806248665
young mammal,young,1,0.7396930456161499,0.01375871803611517
Asian horseshoe crab,arthropod,2,0.49172478914260864,0.1202971562743187
Merostomata,arthropod,2,0.678692638874054,0.293123334646225
arachnid,arthropod,2,0.6302990913391113,0.20973248779773712
centipede,arthropod,2,0.6034130454063416,0.15105091035366058
crustacean,arthropod,2,0.5897012948989868,0.011616133153438568
eurypterid,arthropod,2,0.6652010679244995,0.21808111667633057
garden centipede,arthropod,2,0.5882728695869446,0.1926499903202057
horseshoe crab,arthropod,2,0.48153021931648254,-0.006861628964543343
insect,arthropod,2,0.4100246727466583,-0.40833938121795654
instar,arthropod,2,0.4712061882019043,-0.06431100517511368
millipede,arthropod,2,0.5534848570823669,0.0995062068104744
myriapod,arthropod,2,0.6488839983940125,0.08660180866718292
onychophoran,arthropod,2,0.7106269001960754,0.2529414892196655
sea spider,arthropod,2,0.38892146944999695,0.0739351361989975
tardigrade,arthropod,2,0.4032362401485443,0.2956528067588806
tongue worm,arthropod,2,0.34121203422546387,0.08875241875648499
trilobite,arthropod,2,0.6199062466621399,0.22450275719165802
pack animal,beast of burden,2,0.6278929710388184,-0.20631788671016693
blastocyst,blastula,2,0.47042912244796753,0.10578546673059464
caddisworm,caseworm,2,0.607209324836731,0.13581672310829163
armyworm,caterpillar,2,0.22888515889644623,0.10902560502290726
beet armyworm,caterpillar,2,0.47446081042289734,0.2995049059391022
bollworm,caterpillar,2,0.5076201558113098,0.3074178993701935
cabbageworm,caterpillar,2,0.41669175028800964,0.25173190236091614
cankerworm,caterpillar,2,0.536450982093811,0.24555301666259766
corn borer,caterpillar,2,0.5362337827682495,0.22273726761341095
cutworm,caterpillar,2,0.5617698431015015,0.21418216824531555
fall armyworm,caterpillar,2,0.27190732955932617,0.18979588150978088
lappet caterpillar,caterpillar,2,0.8974515199661255,0.37856316566467285
measuring worm,caterpillar,2,0.22585982084274292,0.11090021580457687
potato tuberworm,caterpillar,2,0.5607328414916992,0.3311227858066559
silkworm,caterpillar,2,0.5222792029380798,0.19987520575523376
tent caterpillar,caterpillar,2,0.8952849507331848,0.29820477962493896
tobacco hornworm,caterpillar,2,0.3868907392024994,0.2836172878742218
tomato hornworm,caterpillar,2,0.39142781496047974,0.3144134283065796
tussock caterpillar,caterpillar,2,0.838904619216919,0.39971184730529785
webworm,caterpillar,2,0.4565652310848236,0.19736889004707336
woolly bear,caterpillar,2,0.39266443252563477,0.18999378383159637
lancelet,cephalochordate,2,0.3405212163925171,-0.21163512766361237
anthozoan,coelenterate,2,0.3008542060852051,-0.008624887093901634
hydrozoan,coelenterate,2,0.26066723465919495,-0.07816822081804276
jellyfish,coelenterate,2,0.4696989953517914,-0.05769734084606171
medusa,coelenterate,2,0.4984157681465149,-0.005210943520069122
polyp,coelenterate,2,0.6438154578208923,-0.10172638297080994
scyphozoan,coelenterate,2,0.33459994196891785,0.006211277097463608
ridgeling,colt,2,0.589523434638977,0.30369630455970764
Venus's girdle,ctenophore,2,0.4237489700317383,0.05997061729431152
beroe,ctenophore,2,0.48245513439178467,0.05048404633998871
platyctenean,ctenophore,2,0.6271432638168335,0.024655217304825783
sea gooseberry,ctenophore,2,0.46958622336387634,-0.03413470834493637
Great Pyrenees,dog,2,0.5006035566329956,0.24235659837722778
Leonberg,dog,2,0.43034815788269043,0.3220612704753876
Mexican hairless,dog,2,0.46739470958709717,0.36056026816368103
Newfoundland,dog,2,0.6226304173469543,0.08139986544847488
basenji,dog,2,0.4490852952003479,0.487775057554245
corgi,dog,2,0.3475978970527649,0.34215298295021057
cur,dog,2,0.46438953280448914,0.07072223722934723
dalmatian,dog,2,0.21398963034152985,0.2981421649456024
griffon,dog,2,0.5069038271903992,0.39035820960998535
hunting dog,dog,2,0.6723446846008301,0.1440650075674057
lapdog,dog,2,0.6709744334220886,0.44345933198928833
pooch,dog,2,0.585054874420166,0.38384780287742615
poodle,dog,2,0.6833351254463196,0.34868159890174866
pug,dog,2,0.5829985737800598,0.33923032879829407
puppy,dog,2,0.7697169780731201,-0.012235312722623348
spitz,dog,2,0.3541324734687805,0.3828699290752411
toy dog,dog,2,0.7505043148994446,0.3942849040031433
working dog,dog,2,0.7208967208862305,0.2312251478433609
Abyssinian,domestic cat,2,0.4264586269855499,0.20592983067035675
Angora,domestic cat,2,0.4450388550758362,0.3400747776031494
Burmese cat,domestic cat,2,0.722292959690094,0.2120846062898636
Egyptian cat,domestic cat,2,0.6727400422096252,0.20549376308918
Maltese,domestic cat,2,0.4789552390575409,-0.05762774497270584
Manx,domestic cat,2,0.5249536037445068,0.24362409114837646
Persian cat,domestic cat,2,0.6908318400382996,0.24539369344711304
Siamese cat,domestic cat,2,0.6938050389289856,0.3758770823478699
alley cat,domestic cat,2,0.6799275279045105,0.3419877290725708
kitty,domestic cat,2,0.44753751158714294,-0.05770310014486313
mouser,domestic cat,2,0.6238691210746765,0.24337652325630188
tabby,domestic cat,2,0.3586379587650299,0.3198166787624359
tiger cat,domestic cat,2,0.7753105163574219,0.24293552339076996
tom,domestic cat,2,0.5074800848960876,0.12569773197174072
tortoiseshell,domestic cat,2,0.523984968662262,0.2688572406768799
basket star,echinoderm,2,0.24811062216758728,0.11625689268112183
brittle star,echinoderm,2,0.41119658946990967,0.09912271052598953
crinoid,echinoderm,2,0.566013753414154,0.17431168258190155
sea cucumber,echinoderm,2,0.5315244197845459,0.07673077285289764
sea urchin,echinoderm,2,0.5609000325202942,0.08809112012386322
starfish,echinoderm,2,0.4982350766658783,0.08731002360582352
grouse,game bird,2,0.39831775426864624,0.0033781356178224087
phasianid,game bird,2,0.48183009028434753,0.21145477890968323
tinamou,game bird,2,0.41073179244995117,0.3687629997730255
Italian greyhound,greyhound,2,0.5499172806739807,0.30200180411338806
whippet,greyhound,2,0.33040139079093933,0.4358360469341278
leatherjacket,grub,2,0.41081663966178894,0.06499219685792923
maggot,grub,2,0.6057131290435791,0.06169172376394272
gelding,male horse,2,0.5509839653968811,0.2867029011249542
stallion,male horse,2,0.5754598379135132,0.067212775349617
bivalve,mollusk,2,0.2227136343717575,0.28894370794296265
cephalopod,mollusk,2,0.24013186991214752,0.24759605526924133
chiton,mollusk,2,0.3961033523082733,0.5119319558143616
gastropod,mollusk,2,0.9332642555236816,0.17577147483825684
scaphopod,mollusk,2,0.3124435245990753,0.3835654556751251
glass sponge,sponge,2,0.634493887424469,0.27673783898353577
appendicularia,tunicate,2,0.5524786114692688,0.03892878443002701
ascidian,tunicate,2,0.4912722706794739,0.03812268376350403
doliolum,tunicate,2,0.41279223561286926,0.09020332992076874
larvacean,tunicate,2,0.5303641557693481,0.03153049573302269
salp,tunicate,2,0.4974333643913269,0.04828869178891182
Amniota,vertebrate,2,0.5004288554191589,0.3820326030254364
amniote,vertebrate,2,0.5380648970603943,0.39324328303337097
amphibian,vertebrate,2,0.6438061594963074,0.23187068104743958
aquatic vertebrate,vertebrate,2,0.8841482400894165,0.33150067925453186
bird,vertebrate,2,0.40507972240448,-0.13336990773677826
fetus,vertebrate,2,0.4997657537460327,0.14788049459457397
gnathostome,vertebrate,2,0.595656156539917,0.28278207778930664
mammal,vertebrate,2,0.3163970708847046,-0.1078919991850853
reptile,vertebrate,2,0.5381838083267212,0.1701519638299942
tetrapod,vertebrate,2,0.6651158332824707,0.2539064586162567
acanthocephalan,worm,2,0.25939202308654785,0.285062700510025
annelid,worm,2,0.6524856090545654,0.29130634665489197
arrowworm,worm,2,0.5564671158790588,0.3354072868824005
beard worm,worm,2,0.6834967136383057,0.32687655091285706
flatworm,worm,2,0.3814752399921417,0.2198169082403183
helminth,worm,2,0.4007891118526459,0.40066641569137573
nematode,worm,2,0.37625202536582947,0.1350686401128769
ribbon worm,worm,2,0.7483036518096924,0.32067450881004333
woodworm,worm,2,0.35041505098342896,0.15444165468215942
chick,young bird,2,0.34616515040397644,0.052546560764312744
cygnet,young bird,2,0.31727373600006104,0.49087443947792053
eaglet,young bird,2,0.47138580679893494,0.41120409965515137
fledgling,young bird,2,0.34705105423927307,0.1187177449464798
nestling,young bird,2,0.6417450904846191,0.2110227346420288
brit,young fish,2,0.3851320147514343,0.03548344597220421
parr,young fish,2,0.458100825548172,0.3173336386680603
whitebait,young fish,2,0.5741618871688843,0.3338432312011719
baby,young mammal,2,0.520073413848877,-0.039097774773836136
bullock,young mammal,2,0.6178653240203857,-0.036711063235998154
calf,young mammal,2,0.5607216954231262,-0.20461244881153107
cub,young mammal,2,0.6190875768661499,-0.168083056807518
fawn,young mammal,2,0.4032401442527771,0.33758431673049927
foal,young mammal,2,0.31743258237838745,0.03443288058042526
heifer,young mammal,2,0.5358017683029175,0.18562401831150055
kit,young mammal,2,0.27412039041519165,0.07101814448833466
kitten,young mammal,2,0.600787878036499,-0.012813217006623745
lamb,young mammal,2,0.6738920211791992,-0.09033305197954178
piglet,young mammal,2,0.5272094011306763,0.1740235686302185
pup,young mammal,2,0.6151856780052185,-0.35492050647735596
suckling,young mammal,2,0.3218066394329071,0.1783445030450821
wolf pup,young mammal,2,0.580079197883606,0.17426839470863342
blue point Siamese,Siamese cat,3,0.8053382039070129,0.32164040207862854
Hynerpeton bassetti,amphibian,3,0.38359788060188293,0.2982967495918274
Ichyostega,amphibian,3,0.3934251070022583,0.19108164310455322
caecilian,amphibian,3,0.4447214901447296,0.21090322732925415
frog,amphibian,3,0.23542214930057526,0.0011697638547047973
labyrinthodont,amphibian,3,0.5514160394668579,0.20033515989780426
salamander,amphibian,3,0.4896310865879059,0.11440043151378632
urodele,amphibian,3,0.3162175714969635,0.18038825690746307
archiannelid,annelid,3,0.6775440573692322,0.228440061211586
leech,annelid,3,0.5853312015533447,0.055697403848171234
oligochaete,annelid,3,0.31527480483055115,0.071311816573143
polychaete,annelid,3,0.39362832903862,0.0338200218975544
coral,anthozoan,3,0.2892952859401703,-0.2270791381597519
sea anemone,anthozoan,3,0.5401803255081177,0.05418016389012337
sea pen,anthozoan,3,0.3452441692352295,-0.05468855798244476
fish,aquatic vertebrate,3,0.3958457410335541,-0.12228652834892273
jawless vertebrate,aquatic vertebrate,3,0.8286322951316833,0.07946324348449707
placoderm,aquatic vertebrate,3,0.608323872089386,0.20175409317016602
acarine,arachnid,3,0.4160899519920349,0.1639629602432251
false scorpion,arachnid,3,0.4299376904964447,-0.13886719942092896
harvestman,arachnid,3,0.38926753401756287,0.005661976523697376
scorpion,arachnid,3,0.3109728693962097,-0.2056063413619995
spider,arachnid,3,0.23623628914356232,-0.3262237310409546
whip-scorpion,arachnid,3,0.49835512042045593,0.10412087291479111
sagitta,arrowworm,3,0.2531418800354004,-0.03310985863208771
sea squirt,ascidian,3,0.45791053771972656,0.11840507388114929
Astrophyton muricatum,basket star,3,0.23862089216709137,0.011368144303560257
Ibero-mesornis,bird,3,0.38078635931015015,0.5706871151924133
Sinornis,bird,3,0.49067801237106323,0.4861680269241333
apodiform bird,bird,3,0.5671660900115967,0.34378623962402344
aquatic bird,bird,3,0.6354966759681702,0.25219500064849854
archaeopteryx,bird,3,0.33746713399887085,0.43617674708366394
archaeornis,bird,3,0.34330815076828003,0.44779062271118164
bird of passage,bird,3,0.47602689266204834,0.32127025723457336
bird of prey,bird,3,0.4494936764240265,0.267442524433136
caprimulgiform bird,bird,3,0.4633084237575531,0.4682883322238922
carinate,bird,3,0.6387516856193542,0.3830544650554657
cock,bird,3,0.6530290842056274,0.20875707268714905
coraciiform bird,bird,3,0.563160240650177,0.40094658732414246
cuculiform bird,bird,3,0.4524943232536316,0.3765827417373657
dickeybird,bird,3,0.563776433467865,0.609282910823822
gallinaceous bird,bird,3,0.5354556441307068,0.43210554122924805
hen,bird,3,0.6828146576881409,0.06609558314085007
nester,bird,3,0.5854324698448181,0.4862147271633148
night bird,bird,3,0.7837491035461426,0.47009971737861633
nonpasserine bird,bird,3,0.5604491829872131,0.3686680793762207
parrot,bird,3,0.7858969569206238,0.13965405523777008
passerine,bird,3,0.5928980708122253,0.39108604192733765
piciform bird,bird,3,0.6483553647994995,0.3986806571483612
protoavis,bird,3,0.452690988779068,0.5379650592803955
ratite,bird,3,0.6147041916847229,0.503525972366333
trogon,bird,3,0.410444051027298,0.518208384513855
twitterer,bird,3,0.5256263017654419,0.4305237829685211
ark shell,bivalve,3,0.33391326665878296,0.005489074159413576
blood clam,bivalve,3,0.38406988978385925,0.1889677196741104
clam,bivalve,3,0.34596097469329834,0.09815248101949692
cockle,bivalve,3,0.4517824649810791,0.10884132981300354
mussel,bivalve,3,0.3957568407058716,0.06824115663766861
oyster,bivalve,3,0.2224469780921936,-0.12812499701976776
piddock,bivalve,3,0.3193844258785248,0.27264130115509033
scallop,bivalve,3,0.4526882469654083,0.13238561153411865
corn earworm,bollworm,3,0.6694980263710022,-0.019817886874079704
pink bollworm,bollworm,3,0.912074625492096,0.056241486221551895
dogie,calf,3,0.39375099539756775,0.41782620549201965
maverick,calf,3,0.7821232080459595,0.039715010672807693
fall cankerworm,cankerworm,3,0.9289482235908508,0.15295088291168213
spring cankerworm,cankerworm,3,0.9138342142105103,-0.07465629279613495
house centipede,centipede,3,0.8655357956886292,0.12333795428276062
chambered nautilus,cephalopod,3,0.4759839177131653,0.1905919462442398
decapod,cephalopod,3,0.43192219734191895,0.14809808135032654
dibranchiate,cephalopod,3,0.41820210218429565,0.20611315965652466
octopod,cephalopod,3,0.45998308062553406,0.20219166576862335
Cardigan,corgi,3,0.34395307302474976,-0.019543802365660667
Pembroke,corgi,3,0.30016395449638367,-0.2927697002887726
feather star,crinoid,3,0.38855984807014465,-0.05069248378276825
sea lily,crinoid,3,0.472947359085083,-0.11125223338603973
barnacle,crustacean,3,0.4169329106807709,0.07333890348672867
brachyuran,crustacean,3,0.4293243885040283,0.276057630777359
branchiopod crustacean,crustacean,3,0.8752864599227905,0.30324050784111023
copepod,crustacean,3,0.6847615242004395,-0.17094819247722626
decapod crustacean,crustacean,3,0.8561882972717285,0.27243852615356445
malacostracan crustacean,crustacean,3,0.8236508369445801,0.3428027629852295
seed shrimp,crustacean,3,0.2692004144191742,-0.008943228982388973
stomatopod,crustacean,3,0.47567257285118103,0.13045980036258698
bear cub,cub,3,0.5588667392730713,0.25661665201187134
lion cub,cub,3,0.514970600605011,0.20848746597766876
tiger cub,cub,3,0.6172524690628052,0.2745710611343384
feist,cur,3,0.4398321211338043,0.23869386315345764
pariah dog,cur,3,0.47873619198799133,0.270628958940506
army cutworm,cutworm,3,0.8105114698410034,0.21032226085662842
liver-spotted dalmatian,dalmatian,3,0.7137665152549744,-0.0029239333234727383
abortus,fetus,3,0.42189446091651917,0.08064161241054535
baby,fetus,3,0.32391104102134705,-0.07079677283763885
monster,fetus,3,0.2579151690006256,-0.0898130014538765
fluke,flatworm,3,0.5029231905937195,0.029312169179320335
planarian,flatworm,3,0.4285113513469696,0.0036313238088041544
tapeworm,flatworm,3,0.7833567261695862,-0.020708801224827766
colt,foal,3,0.3195972442626953,-0.061021022498607635
filly,foal,3,0.43308907747268677,-0.10075743496417999
abalone,gastropod,3,0.5048455595970154,0.39391976594924927
bubble shell,gastropod,3,0.6279245018959045,0.42143726348876953
conch,gastropod,3,0.402349054813385,0.18803422152996063
cowrie,gastropod,3,0.5180808305740356,0.3765184283256531
physa,gastropod,3,0.45913657546043396,0.26888027787208557
river limpet,gastropod,3,0.14967671036720276,0.3680318593978882
sea hare,gastropod,3,0.563432514667511,0.3357546627521515
sea slug,gastropod,3,0.49156656861305237,0.23755007982254028
seasnail,gastropod,3,0.48579075932502747,0.4213371276855469
slug,gastropod,3,0.9178004264831543,0.051907967776060104
snail,gastropod,3,0.8002901077270508,-0.022817464545369148
solenogaster,gastropod,3,0.243082657456398,0.2895510196685791
Venus's flower basket,glass sponge,3,0.49407750368118286,0.13305693864822388
Brabancon griffon,griffon,3,0.8107317686080933,0.1392241269350052
black grouse,grouse,3,0.6327028274536133,0.14239025115966797
capercaillie,grouse,3,0.38535013794898987,0.219416081905365
prairie chicken,grouse,3,0.45522716641426086,0.08934850245714188
ptarmigan,grouse,3,0.3535141050815582,0.17258499562740326
ruffed grouse,grouse,3,0.610602617263794,0.12935198843479156
sage grouse,grouse,3,0.6841907501220703,0.19610993564128876
sharp-tailed grouse,grouse,3,0.4959487318992615,0.10293847322463989
spruce grouse,grouse,3,0.5943842530250549,0.16223987936973572
Rhodesian ridgeback,hunting dog,3,0.47004470229148865,0.2974565625190735
courser,hunting dog,3,0.4406336843967438,0.1869255155324936
dachshund,hunting dog,3,0.37672606110572815,0.32517239451408386
hound,hunting dog,3,0.4352956712245941,-0.11085773259401321
sporting dog,hunting dog,3,0.6976098418235779,0.12483160942792892
terrier,hunting dog,3,0.5387101769447327,0.2851278483867645
hydra,hydrozoan,3,0.2412053346633911,-0.016532445326447487
planula,hydrozoan,3,0.3926563560962677,-0.030120255425572395
sertularian,hydrozoan,3,0.24837228655815125,0.22045525908470154
siphonophore,hydrozoan,3,0.5673658847808838,0.10743838548660278
beetle,insect,3,0.7305716872215271,0.27421876788139343
bird louse,insect,3,0.4266178607940674,0.6190199255943298
bug,insect,3,0.7381527423858643,0.39558273553848267
collembolan,insect,3,0.3131438195705414,0.6348836421966553
defoliator,insect,3,0.31147950887680054,0.5608705878257751
dictyopterous insect,insect,3,0.3942197561264038,0.5735911130905151
dipterous insect,insect,3,0.5469675064086914,0.5360479354858398
earwig,insect,3,0.5968155264854431,0.5851768851280212
ephemerid,insect,3,0.3634919226169586,0.6685768365859985
ephemeron,insect,3,0.3215874433517456,0.5776993632316589
flea,insect,3,0.7382938265800476,0.3654390871524811
gallfly,insect,3,0.6469441652297974,0.5909232497215271
hemipterous insect,insect,3,0.49974769353866577,0.5578666925430298
heteropterous insect,insect,3,0.4294285476207733,0.556487500667572
holometabola,insect,3,0.4155503213405609,0.6608482599258423
homopterous insect,insect,3,0.4519045650959015,0.57304447889328
hymenopterous insect,insect,3,0.40955305099487305,0.5377309918403625
imago,insect,3,0.26284483075141907,0.461745947599411
leaf miner,insect,3,0.6941754817962646,0.40974903106689453
lepidopterous insect,insect,3,0.43528297543525696,0.4969134032726288
louse,insect,3,0.4450809061527252,0.6147101521492004
mecopteran,insect,3,0.33179107308387756,0.5403872728347778
neuropteron,insect,3,0.2824668884277344,0.5540493726730347
odonate,insect,3,0.3382868468761444,0.48015734553337097
orthopterous insect,insect,3,0.40246298909187317,0.5154465436935425
phasmid,insect,3,0.37708309292793274,0.6308282613754272
pollinator,insect,3,0.5982939004898071,0.40954825282096863
proturan,insect,3,0.47867345809936523,0.6782994270324707
psocopterous insect,insect,3,0.4312877357006073,0.547478437423706
pupa,insect,3,0.4527062177658081,0.2211461365222931
queen,insect,3,0.6318902373313904,0.39560171961784363
social insect,insect,3,0.7412422895431519,0.536613941192627
stonefly,insect,3,0.6072325110435486,0.648456871509552
termite,insect,3,0.3908252716064453,0.5800703763961792
thysanopter,insect,3,0.30722206830978394,0.6126235723495483
thysanuran insect,insect,3,0.4101123809814453,0.705590546131134
trichopterous insect,insect,3,0.43875202536582947,0.5551761984825134
web spinner,insect,3,0.48747768998146057,0.6469948291778564
worker,insect,3,0.6629875898361206,0.36833640933036804
Aegina,jellyfish,3,0.4016256332397461,0.028061479330062866
Chrysaora quinquecirrha,jellyfish,3,0.428890198469162,0.15062935650348663
Persian lamb,lamb,3,0.6582820415496826,0.30992820858955383
baa-lamb,lamb,3,0.4295601546764374,0.39370670914649963
hog,lamb,3,0.7418323159217834,-0.04422972351312637
lambkin,lamb,3,0.7564188838005066,0.44303804636001587
teg,lamb,3,0.5644190907478333,0.25655293464660645
female mammal,mammal,3,0.5326671600341797,0.02838907204568386
fossorial mammal,mammal,3,0.3867856562137604,0.37984398007392883
metatherian,mammal,3,0.24242517352104187,0.435660719871521
placental,mammal,3,0.45634689927101135,0.38148990273475647
prototherian,mammal,3,0.1168380007147789,0.31836971640586853
tusker,mammal,3,0.40224379301071167,0.5063955783843994
Guinea worm,nematode,3,0.5273103713989258,0.0713704377412796
chicken roundworm,nematode,3,0.5148758888244629,0.20244581997394562
common roundworm,nematode,3,0.555812418460846,0.19906452298164368
eelworm,nematode,3,0.5062788724899292,0.1286257654428482
filaria,nematode,3,0.5405855774879456,0.2974206805229187
hookworm,nematode,3,0.5601880550384521,0.075919508934021
pinworm,nematode,3,0.5520784854888916,0.149182990193367
trichina,nematode,3,0.5886716246604919,0.22200949490070343
wheatworm,nematode,3,0.45821237564086914,0.12792575359344482
Plicatoperipatus jamaicensis,onychophoran,3,0.4976823925971985,0.16374093294143677
packhorse,pack animal,3,0.7663444876670837,0.2364819347858429
partridge,phasianid,3,0.4642341732978821,-0.37692126631736755
pheasant,phasianid,3,0.32597342133522034,0.008034917525947094
quail,phasianid,3,0.403917521238327,-0.154806450009346
sucking pig,piglet,3,0.69547039270401,0.022662095725536346
large poodle,poodle,3,0.863645613193512,0.011616566218435764
miniature poodle,poodle,3,0.8908897042274475,0.04458032175898552
standard poodle,poodle,3,0.8446855545043945,0.03383103385567665
toy poodle,poodle,3,0.8837752938270569,0.09766117483377457
puppy,pup,3,0.7145171165466309,0.2726689279079437
Diapsida,reptile,3,0.45161378383636475,0.20795013010501862
anapsid,reptile,3,0.3920484185218811,0.24486306309700012
diapsid,reptile,3,0.3518391251564026,0.22462154924869537
synapsid,reptile,3,0.43629390001296997,0.23453590273857117
tooth shell,scaphopod,3,0.44698676466941833,-0.167747363448143
trepang,sea cucumber,3,0.2887076437473297,0.06413135677576065
edible sea urchin,sea urchin,3,0.9352909326553345,0.04530491307377815
heart urchin,sea urchin,3,0.7315725684165955,0.0210451427847147
sand dollar,sea urchin,3,0.3175860345363617,-0.027383223176002502
ailanthus silkworm,silkworm,3,0.7305270433425903,0.13379737734794617
Pomeranian,spitz,3,0.3198949694633484,-0.3886071443557739
Samoyed,spitz,3,0.3736744225025177,-0.021545371040701866
chow,spitz,3,0.36065179109573364,-0.37457722425460815
keeshond,spitz,3,0.39458587765693665,-0.0114070950075984
stud,stallion,3,0.6751368641853333,-0.19373640418052673
forest tent caterpillar,tent caterpillar,3,0.9530487060546875,0.24519769847393036
quadruped,tetrapod,3,0.4458344578742981,0.09268361330032349
gib,tom,3,0.5963439345359802,0.07799631357192993
Chihuahua,toy dog,3,0.48505374789237976,-0.2456728219985962
Japanese spaniel,toy dog,3,0.5102329254150391,0.04327819123864174
Maltese dog,toy dog,3,0.7846810221672058,-0.021222366020083427
Pekinese,toy dog,3,0.38974711298942566,0.1511770784854889
Shih-Tzu,toy dog,3,0.3578393757343292,0.1845952868461609
toy spaniel,toy dog,3,0.6902194619178772,0.06678234040737152
toy terrier,toy dog,3,0.6558353900909424,0.13853049278259277
fall webworm,webworm,3,0.8419514298439026,0.1421273946762085
garden webworm,webworm,3,0.853476881980896,0.0694812536239624
woolly bear moth,woolly bear,3,0.8592725992202759,0.016874387860298157
Eskimo dog,working dog,3,0.4943210780620575,0.21225935220718384
Great Dane,working dog,3,0.6825668215751648,0.10529600083827972
Saint Bernard,working dog,3,0.48704618215560913,0.02785622701048851
Sennenhunde,working dog,3,0.26899009943008423,0.27873554825782776
boxer,working dog,3,0.5936735272407532,-0.1871684044599533
bull mastiff,working dog,3,0.6150957345962524,0.14972375333309174
bulldog,working dog,3,0.49190446734428406,-0.23549216985702515
guide dog,working dog,3,0.7087985277175903,0.05160313472151756
hearing dog,working dog,3,0.6844049096107483,0.12154989689588547
mastiff,working dog,3,0.7264969348907471,0.08917941898107529
police dog,working dog,3,0.7981279492378235,-0.005239802412688732
seizure-alert dog,working dog,3,0.6306760907173157,0.2687917649745941
shepherd dog,working dog,3,0.716442346572876,0.07090933620929718
sled dog,working dog,3,0.5654699206352234,0.129444882273674
watchdog,working dog,3,0.6020280122756958,0.1760343611240387
