specific,general,depth,bert_sim,glove_sim,diff
adult,animal,0,0.5776878595352173,0.37066930532455444,0.20701855421066284
biped,animal,0,0.4926566481590271,0.0681450366973877,0.4245116114616394
captive,animal,0,0.619766354560852,0.26898396015167236,0.3507823944091797
chordate,animal,0,0.3159905970096588,0.16073563694953918,0.15525496006011963
critter,animal,0,0.35328322649002075,0.1373315006494522,0.21595172584056854
darter,animal,0,0.48670536279678345,0.08365020900964737,0.4030551537871361
domestic animal,animal,0,0.7558545470237732,0.8070998191833496,-0.051245272159576416
embryo,animal,0,0.6045079827308655,0.3432960510253906,0.26121193170547485
feeder,animal,0,0.6090549230575562,0.0960637703537941,0.512991152703762
female,animal,0,0.5724756121635437,0.29540812969207764,0.27706748247146606
fictional animal,animal,0,0.7031727433204651,0.7850885987281799,-0.08191585540771484
game,animal,0,0.5596769452095032,0.16544897854328156,0.3942279666662216
giant,animal,0,0.6313625574111938,0.26499801874160767,0.3663645386695862
herbivore,animal,0,0.4622267484664917,0.1690124124288559,0.2932143360376358
insectivore,animal,0,0.46665093302726746,0.030972233042120934,0.4356786999851465
invertebrate,animal,0,0.351382851600647,0.3480755090713501,0.003307342529296875
larva,animal,0,0.24532251060009003,0.1435106247663498,0.10181188583374023
male,animal,0,0.5455150008201599,0.30171868205070496,0.24379631876945496
marine animal,animal,0,0.5526377558708191,0.7803782224655151,-0.22774046659469604
mate,animal,0,0.6163746118545532,0.13568784296512604,0.4806867688894272
metazoan,animal,0,0.2579251825809479,0.13742348551750183,0.12050169706344604
molter,animal,0,0.5208695530891418,-0.03693220019340515,0.557801753282547
mutant,animal,0,0.6553517580032349,0.19745327532291412,0.45789848268032074
omnivore,animal,0,0.4575974643230438,0.08049718290567398,0.37710028141736984
peeper,animal,0,0.4035375118255615,-0.050737619400024414,0.45427513122558594
pest,animal,0,0.5758578777313232,0.2745845317840576,0.3012733459472656
pet,animal,0,0.6672866344451904,0.5168556571006775,0.15043097734451294
predator,animal,0,0.681259036064148,0.23381291329860687,0.4474461227655411
prey,animal,0,0.6941731572151184,0.3334096372127533,0.3607635200023651
racer,animal,0,0.5493661761283875,0.005639276467263699,0.5437268996611238
range animal,animal,0,0.7123125791549683,0.7808359265327454,-0.0685233473777771
scavenger,animal,0,0.41989392042160034,0.14537011086940765,0.2745238095521927
stayer,animal,0,0.42044687271118164,-0.04376916214823723,0.46421603485941887
stunt,animal,0,0.6630948185920715,0.17740541696548462,0.4856894016265869
survivor,animal,0,0.5595079064369202,0.14462143182754517,0.414886474609375
thoroughbred,animal,0,0.6045501828193665,0.15675003826618195,0.4478001445531845
varmint,animal,0,0.43139830231666565,0.02283216081559658,0.40856614150106907
work animal,animal,0,0.6980252861976624,0.8219462633132935,-0.1239209771156311
young,animal,0,0.5372469425201416,0.19401316344738007,0.34323377907276154
zooplankton,animal,0,0.398034930229187,0.157424658536911,0.240610271692276
tunicate,chordate,1,0.49912169575691223,0.3467915654182434,0.15233013033866882
vertebrate,chordate,1,0.4077252149581909,0.27024778723716736,0.13747742772102356
dog,domestic animal,1,0.6235895156860352,0.44387316703796387,0.1797163486480713
domestic cat,domestic animal,1,0.8530778884887695,0.7772743105888367,0.07580357789993286
feeder,domestic animal,1,0.4350023865699768,0.14026281237602234,0.29473957419395447
head,domestic animal,1,0.4183189570903778,0.2775847613811493,0.14073419570922852
stocker,domestic animal,1,0.4071633517742157,-0.14960286021232605,0.5567662119865417
stray,domestic animal,1,0.45187699794769287,0.24524372816085815,0.20663326978683472
blastula,embryo,1,0.514877438545227,0.3170366883277893,0.19784075021743774
morula,embryo,1,0.5963079929351807,0.0950501412153244,0.5012578517198563
dam,female,1,0.1619167923927307,0.03800886124372482,0.12390793114900589
female mammal,female,1,0.8633049130439758,0.7500382661819458,0.11326664686203003
filly,female,1,0.47862371802330017,0.1856306493282318,0.29299306869506836
hen,female,1,0.5221808552742004,0.07708705961704254,0.4450937956571579
big game,game,1,0.5191263556480408,0.8810425996780396,-0.3619162440299988
game bird,game,1,0.6881867051124573,0.7888898849487305,-0.1007031798362732
Symbion pandora,invertebrate,1,0.4110819101333618,0.16076762974262238,0.25031428039073944
arthropod,invertebrate,1,0.6633524298667908,0.5108582377433777,0.15249419212341309
brachiopod,invertebrate,1,0.6681343913078308,0.27387621998786926,0.39425817131996155
bryozoan,invertebrate,1,0.5892527103424072,0.24983114004135132,0.3394215703010559
echinoderm,invertebrate,1,0.7463257908821106,0.243883416056633,0.5024423748254776
mollusk,invertebrate,1,0.2342294305562973,0.3301185369491577,-0.09588910639286041
peanut worm,invertebrate,1,0.21316857635974884,0.22223518788814545,-0.009066611528396606
rotifer,invertebrate,1,0.45903727412223816,0.1900004893541336,0.26903678476810455
sponge,invertebrate,1,0.16544710099697113,0.23216421902179718,-0.06671711802482605
worm,invertebrate,1,0.21050438284873962,0.2113630175590515,-0.0008586347103118896
aphid lion,larva,1,0.36031046509742737,0.3129993677139282,0.047311097383499146
ascidian tadpole,larva,1,0.6504121422767639,0.37855446338653564,0.27185767889022827
bladder worm,larva,1,0.33329182863235474,0.3512497544288635,-0.01795792579650879
bot,larva,1,0.3449050784111023,0.02258465811610222,0.3223204202950001
caterpillar,larva,1,0.6956166625022888,0.3565340042114258,0.33908265829086304
doodlebug,larva,1,0.24970586597919464,0.13709281384944916,0.11261305212974548
grub,larva,1,0.21465280652046204,0.1434268355369568,0.07122597098350525
leptocephalus,larva,1,0.3541194200515747,0.1991724669933319,0.1549469530582428
nymph,larva,1,0.38571104407310486,0.3574269711971283,0.028284072875976562
tadpole,larva,1,0.6656181216239929,0.41183042526245117,0.25378769636154175
wiggler,larva,1,0.24290890991687775,0.13475264608860016,0.10815626382827759
bullock,male,1,0.3994799852371216,0.030418623238801956,0.3690613619983196
colt,male,1,0.39286962151527405,0.10615716129541397,0.2867124602198601
male horse,male,1,0.6997784376144409,0.8020737767219543,-0.10229533910751343
sire,male,1,0.4214983880519867,0.12798044085502625,0.29351794719696045
by-catch,marine animal,1,0.40927091240882874,0.011574926786124706,0.39769598562270403
vermin,pest,1,0.3124837875366211,0.3581564426422119,-0.04567265510559082
carnivore,predator,1,0.3277442753314972,0.3743877410888672,-0.046643465757369995
finisher,racer,1,0.1615631878376007,0.22103001177310944,-0.05946682393550873
greyhound,racer,1,0.8109775185585022,0.21495679020881653,0.5960207283496857
steeplechaser,racer,1,0.299455851316452,0.12340211123228073,0.1760537400841713
beast of burden,work animal,1,0.443149209022522,0.4410875737667084,0.0020616352558135986
draft animal,work animal,1,0.7438797354698181,0.6623528003692627,0.08152693510055542
hatchling,young,1,0.34601762890815735,-0.04287136346101761,0.38888899236917496
orphan,young,1,0.6857330799102783,0.31713587045669556,0.36859720945358276
spat,young,1,0.4785422384738922,-0.024797912687063217,0.5033401511609554
young bird,young,1,0.4449143409729004,0.7234019041061401,-0.27848756313323975
young fish,young,1,0.47819995880126953,0.7353085279464722,-0.25710856914520264
young mammal,young,1,0.7396930456161499,0.6530547738075256,0.08663827180862427
Asian horseshoe crab,arthropod,2,0.49172478914260864,0.1340612769126892,0.35766351222991943
arachnid,arthropod,2,0.6302990913391113,0.31023088097572327,0.32006821036338806
centipede,arthropod,2,0.6034130454063416,0.2102583646774292,0.39315468072891235
crustacean,arthropod,2,0.5897012948989868,0.466271311044693,0.12342998385429382
eurypterid,arthropod,2,0.6652010679244995,0.286976158618927,0.3782249093055725
garden centipede,arthropod,2,0.5882728695869446,0.11613564193248749,0.4721372276544571
horseshoe crab,arthropod,2,0.48153021931648254,0.1863323152065277,0.29519790410995483
insect,arthropod,2,0.4100246727466583,0.49358195066452026,-0.08355727791786194
instar,arthropod,2,0.4712061882019043,0.22204367816448212,0.24916251003742218
millipede,arthropod,2,0.5534848570823669,0.26879236102104187,0.2846924960613251
sea spider,arthropod,2,0.38892146944999695,0.09798210859298706,0.2909393608570099
tongue worm,arthropod,2,0.34121203422546387,0.15565158426761627,0.1855604499578476
trilobite,arthropod,2,0.6199062466621399,0.3903812766075134,0.22952497005462646
pack animal,beast of burden,2,0.6278929710388184,0.4034067392349243,0.22448623180389404
blastocyst,blastula,2,0.47042912244796753,0.5042865872383118,-0.03385746479034424
armyworm,caterpillar,2,0.22888515889644623,0.2048085778951645,0.02407658100128174
beet armyworm,caterpillar,2,0.47446081042289734,0.21154500544071198,0.26291580498218536
bollworm,caterpillar,2,0.5076201558113098,0.07502608001232147,0.43259407579898834
corn borer,caterpillar,2,0.5362337827682495,0.19412390887737274,0.34210987389087677
cutworm,caterpillar,2,0.5617698431015015,0.09939263761043549,0.462377205491066
fall armyworm,caterpillar,2,0.27190732955932617,0.20838050544261932,0.06352682411670685
lappet caterpillar,caterpillar,2,0.8974515199661255,0.9999998807907104,-0.10254836082458496
measuring worm,caterpillar,2,0.22585982084274292,0.23981262743473053,-0.01395280659198761
potato tuberworm,caterpillar,2,0.5607328414916992,0.13869112730026245,0.42204171419143677
silkworm,caterpillar,2,0.5222792029380798,0.13961301743984222,0.3826661854982376
tent caterpillar,caterpillar,2,0.8952849507331848,0.7790711522102356,0.11621379852294922
tobacco hornworm,caterpillar,2,0.3868907392024994,0.22737379372119904,0.15951694548130035
tomato hornworm,caterpillar,2,0.39142781496047974,0.1989835649728775,0.19244424998760223
tussock caterpillar,caterpillar,2,0.838904619216919,0.7135191559791565,0.12538546323776245
webworm,caterpillar,2,0.4565652310848236,0.005987219046801329,0.4505780120380223
woolly bear,caterpillar,2,0.39266443252563477,0.2095230370759964,0.18314139544963837
Great Pyrenees,dog,2,0.5006035566329956,0.22001802921295166,0.28058552742004395
Leonberg,dog,2,0.43034815788269043,-0.005810743197798729,0.43615890108048916
Mexican hairless,dog,2,0.46739470958709717,0.2589685916900635,0.2084261178970337
Newfoundland,dog,2,0.6226304173469543,0.20824095606803894,0.4143894612789154
basenji,dog,2,0.4490852952003479,0.17982444167137146,0.26926085352897644
corgi,dog,2,0.3475978970527649,0.16765153408050537,0.17994636297225952
cur,dog,2,0.46438953280448914,0.19819366931915283,0.2661958634853363
dalmatian,dog,2,0.21398963034152985,0.27387166023254395,-0.0598820298910141
griffon,dog,2,0.5069038271903992,0.1431436389684677,0.36376018822193146
hunting dog,dog,2,0.6723446846008301,0.8273473978042603,-0.15500271320343018
lapdog,dog,2,0.6709744334220886,0.13687002658843994,0.5341044068336487
pooch,dog,2,0.585054874420166,0.3823712170124054,0.20268365740776062
poodle,dog,2,0.6833351254463196,0.3998590409755707,0.2834760844707489
pug,dog,2,0.5829985737800598,0.36064133048057556,0.22235724329948425
puppy,dog,2,0.7697169780731201,0.5936061143875122,0.1761108636856079
spitz,dog,2,0.3541324734687805,0.1049107164144516,0.24922175705432892
toy dog,dog,2,0.7505043148994446,0.8249742388725281,-0.0744699239730835
working dog,dog,2,0.7208967208862305,0.8364787697792053,-0.11558204889297485
Abyssinian,domestic cat,2,0.4264586269855499,0.07668732851743698,0.34977129846811295
Angora,domestic cat,2,0.4450388550758362,0.11556296795606613,0.32947588711977005
Burmese cat,domestic cat,2,0.722292959690094,0.5635731816291809,0.15871977806091309
Egyptian cat,domestic cat,2,0.6727400422096252,0.6114252805709839,0.06131476163864136
Maltese,domestic cat,2,0.4789552390575409,0.12499331682920456,0.35396192222833633
Manx,domestic cat,2,0.5249536037445068,0.17484275996685028,0.35011084377765656
Persian cat,domestic cat,2,0.6908318400382996,0.6057981252670288,0.08503371477127075
Siamese cat,domestic cat,2,0.6938050389289856,0.5634076595306396,0.13039737939834595
alley cat,domestic cat,2,0.6799275279045105,0.5806847810745239,0.09924274682998657
kitty,domestic cat,2,0.44753751158714294,0.30469924211502075,0.1428382694721222
mouser,domestic cat,2,0.6238691210746765,0.003840183839201927,0.6200289372354746
tabby,domestic cat,2,0.3586379587650299,0.22802312672138214,0.13061483204364777
tiger cat,domestic cat,2,0.7753105163574219,0.6183125972747803,0.1569979190826416
tom,domestic cat,2,0.5074800848960876,0.18235598504543304,0.3251240998506546
tortoiseshell,domestic cat,2,0.523984968662262,0.13457590341567993,0.38940906524658203
basket star,echinoderm,2,0.24811062216758728,-0.12649379670619965,0.3746044188737869
brittle star,echinoderm,2,0.41119658946990967,0.033996932208538055,0.3771996572613716
crinoid,echinoderm,2,0.566013753414154,0.42634421586990356,0.1396695375442505
sea cucumber,echinoderm,2,0.5315244197845459,0.1687270998954773,0.3627973198890686
sea urchin,echinoderm,2,0.5609000325202942,0.23769345879554749,0.3232065737247467
starfish,echinoderm,2,0.4982350766658783,0.3144724369049072,0.18376263976097107
grouse,game bird,2,0.39831775426864624,0.16205132007598877,0.23626643419265747
tinamou,game bird,2,0.41073179244995117,-0.047346264123916626,0.4580780565738678
Italian greyhound,greyhound,2,0.5499172806739807,0.7061696648597717,-0.15625238418579102
whippet,greyhound,2,0.33040139079093933,0.2811695635318756,0.04923182725906372
maggot,grub,2,0.6057131290435791,0.16288679838180542,0.4428263306617737
gelding,male horse,2,0.5509839653968811,0.2833814024925232,0.2676025629043579
stallion,male horse,2,0.5754598379135132,0.40403109788894653,0.17142874002456665
bivalve,mollusk,2,0.2227136343717575,0.5826348662376404,-0.3599212318658829
cephalopod,mollusk,2,0.24013186991214752,0.28644803166389465,-0.04631616175174713
chiton,mollusk,2,0.3961033523082733,0.27430015802383423,0.12180319428443909
gastropod,mollusk,2,0.9332642555236816,0.9040306210517883,0.02923363447189331
glass sponge,sponge,2,0.634493887424469,0.7422072291374207,-0.10771334171295166
ascidian,tunicate,2,0.4912722706794739,0.6052932739257812,-0.11402100324630737
salp,tunicate,2,0.4974333643913269,0.08406941592693329,0.4133639484643936
amniote,vertebrate,2,0.5380648970603943,0.3342505395412445,0.20381435751914978
amphibian,vertebrate,2,0.6438061594963074,0.35387173295021057,0.2899344265460968
aquatic vertebrate,vertebrate,2,0.8841482400894165,0.8378826975822449,0.04626554250717163
bird,vertebrate,2,0.40507972240448,0.17953680455684662,0.22554291784763336
fetus,vertebrate,2,0.4997657537460327,0.08717723935842514,0.4125885143876076
mammal,vertebrate,2,0.3163970708847046,0.5052411556243896,-0.18884408473968506
reptile,vertebrate,2,0.5381838083267212,0.45279058814048767,0.08539322018623352
tetrapod,vertebrate,2,0.6651158332824707,0.37340301275253296,0.29171282052993774
annelid,worm,2,0.6524856090545654,0.4138919711112976,0.23859363794326782
beard worm,worm,2,0.6834967136383057,0.7331933379173279,-0.04969662427902222
flatworm,worm,2,0.3814752399921417,0.12887080013751984,0.2526044398546219
helminth,worm,2,0.4007891118526459,0.24222616851329803,0.15856294333934784
nematode,worm,2,0.37625202536582947,0.5027866363525391,-0.1265346109867096
ribbon worm,worm,2,0.7483036518096924,0.773299515247345,-0.024995863437652588
woodworm,worm,2,0.35041505098342896,0.09710025787353516,0.2533147931098938
chick,young bird,2,0.34616515040397644,0.1876419186592102,0.15852323174476624
cygnet,young bird,2,0.31727373600006104,-0.18374045193195343,0.5010141879320145
eaglet,young bird,2,0.47138580679893494,-0.06684461981058121,0.5382304266095161
fledgling,young bird,2,0.34705105423927307,0.10986936837434769,0.23718168586492538
nestling,young bird,2,0.6417450904846191,0.020603083074092865,0.6211420074105263
brit,young fish,2,0.3851320147514343,0.05593845620751381,0.3291935585439205
parr,young fish,2,0.458100825548172,-0.0407988503575325,0.4988996759057045
whitebait,young fish,2,0.5741618871688843,0.024751892313361168,0.5494099948555231
baby,young mammal,2,0.520073413848877,0.37319040298461914,0.1468830108642578
bullock,young mammal,2,0.6178653240203857,0.05033714324235916,0.5675281807780266
calf,young mammal,2,0.5607216954231262,0.26103952527046204,0.2996821701526642
cub,young mammal,2,0.6190875768661499,0.2225191295146942,0.3965684473514557
fawn,young mammal,2,0.4032401442527771,0.09562304615974426,0.30761709809303284
foal,young mammal,2,0.31743258237838745,0.10241204500198364,0.2150205373764038
heifer,young mammal,2,0.5358017683029175,0.02195042558014393,0.5138513427227736
kit,young mammal,2,0.27412039041519165,0.07112015783786774,0.2030002325773239
kitten,young mammal,2,0.600787878036499,0.15966078639030457,0.44112709164619446
lamb,young mammal,2,0.6738920211791992,0.15587478876113892,0.5180172324180603
piglet,young mammal,2,0.5272094011306763,0.020758572965860367,0.5064508281648159
pup,young mammal,2,0.6151856780052185,0.22085148096084595,0.39433419704437256
suckling,young mammal,2,0.3218066394329071,0.09951463341712952,0.2222920060157776
wolf pup,young mammal,2,0.580079197883606,0.346651554107666,0.23342764377593994
blue point Siamese,Siamese cat,3,0.8053382039070129,0.5840446352958679,0.22129356861114502
Hynerpeton bassetti,amphibian,3,0.38359788060188293,0.005241291597485542,0.3783565890043974
caecilian,amphibian,3,0.4447214901447296,0.27672263979911804,0.16799885034561157
frog,amphibian,3,0.23542214930057526,0.369634747505188,-0.13421259820461273
salamander,amphibian,3,0.4896310865879059,0.3942467272281647,0.09538435935974121
leech,annelid,3,0.5853312015533447,0.11593521386384964,0.4693959876894951
polychaete,annelid,3,0.39362832903862,0.7180072069168091,-0.3243788778781891
fish,aquatic vertebrate,3,0.3958457410335541,0.37905943393707275,0.016786307096481323
jawless vertebrate,aquatic vertebrate,3,0.8286322951316833,0.633704662322998,0.1949276328086853
placoderm,aquatic vertebrate,3,0.608323872089386,0.2047794610261917,0.4035444110631943
false scorpion,arachnid,3,0.4299376904964447,0.07549769431352615,0.35443999618291855
harvestman,arachnid,3,0.38926753401756287,0.26294058561325073,0.12632694840431213
scorpion,arachnid,3,0.3109728693962097,0.178158700466156,0.1328141689300537
spider,arachnid,3,0.23623628914356232,0.28801244497299194,-0.051776155829429626
sea squirt,ascidian,3,0.45791053771972656,0.2028157114982605,0.25509482622146606
apodiform bird,bird,3,0.5671660900115967,1.0,-0.4328339099884033
aquatic bird,bird,3,0.6354966759681702,0.7909554839134216,-0.15545880794525146
archaeopteryx,bird,3,0.33746713399887085,0.31293395161628723,0.024533182382583618
bird of passage,bird,3,0.47602689266204834,0.692317545413971,-0.2162906527519226
bird of prey,bird,3,0.4494936764240265,0.7785056829452515,-0.329012006521225
caprimulgiform bird,bird,3,0.4633084237575531,1.0,-0.5366915762424469
cock,bird,3,0.6530290842056274,0.24072742462158203,0.4123016595840454
coraciiform bird,bird,3,0.563160240650177,1.0,-0.436839759349823
cuculiform bird,bird,3,0.4524943232536316,1.0,-0.5475056767463684
gallinaceous bird,bird,3,0.5354556441307068,1.0,-0.4645443558692932
hen,bird,3,0.6828146576881409,0.28258323669433594,0.40023142099380493
nester,bird,3,0.5854324698448181,-0.1023140698671341,0.6877465397119522
night bird,bird,3,0.7837491035461426,0.8178606629371643,-0.03411155939102173
nonpasserine bird,bird,3,0.5604491829872131,1.0,-0.43955081701278687
parrot,bird,3,0.7858969569206238,0.42096826434135437,0.3649286925792694
passerine,bird,3,0.5928980708122253,0.2971235513687134,0.29577451944351196
piciform bird,bird,3,0.6483553647994995,1.0,-0.3516446352005005
protoavis,bird,3,0.452690988779068,0.08134101331233978,0.3713499754667282
ratite,bird,3,0.6147041916847229,0.11764805018901825,0.49705614149570465
trogon,bird,3,0.410444051027298,0.11349854618310928,0.2969455048441887
ark shell,bivalve,3,0.33391326665878296,0.20903566479682922,0.12487760186195374
blood clam,bivalve,3,0.38406988978385925,0.27203992009162903,0.11202996969223022
clam,bivalve,3,0.34596097469329834,0.4825919270515442,-0.13663095235824585
cockle,bivalve,3,0.4517824649810791,0.29589444398880005,0.15588802099227905
mussel,bivalve,3,0.3957568407058716,0.5823450088500977,-0.18658816814422607
oyster,bivalve,3,0.2224469780921936,0.31475916504859924,-0.09231218695640564
piddock,bivalve,3,0.3193844258785248,0.042801737785339355,0.2765826880931854
scallop,bivalve,3,0.4526882469654083,0.33563461899757385,0.11705362796783447
corn earworm,bollworm,3,0.6694980263710022,0.20602664351463318,0.463471382856369
pink bollworm,bollworm,3,0.912074625492096,0.7988530993461609,0.11322152614593506
maverick,calf,3,0.7821232080459595,0.034260593354701996,0.7478626146912575
house centipede,centipede,3,0.8655357956886292,0.6568502187728882,0.20868557691574097
chambered nautilus,cephalopod,3,0.4759839177131653,0.23171837627887726,0.24426554143428802
decapod,cephalopod,3,0.43192219734191895,0.28267449140548706,0.14924770593643188
Cardigan,corgi,3,0.34395307302474976,0.2624431550502777,0.08150991797447205
Pembroke,corgi,3,0.30016395449638367,0.2879449725151062,0.012218981981277466
feather star,crinoid,3,0.38855984807014465,0.0622241348028183,0.32633571326732635
sea lily,crinoid,3,0.472947359085083,0.027144821360707283,0.4458025377243757
barnacle,crustacean,3,0.4169329106807709,0.2822877764701843,0.13464513421058655
branchiopod crustacean,crustacean,3,0.8752864599227905,1.0,-0.12471354007720947
copepod,crustacean,3,0.6847615242004395,0.50509113073349,0.17967039346694946
decapod crustacean,crustacean,3,0.8561882972717285,0.8711913228034973,-0.015003025531768799
malacostracan crustacean,crustacean,3,0.8236508369445801,1.0,-0.17634916305541992
seed shrimp,crustacean,3,0.2692004144191742,0.22891932725906372,0.040281087160110474
bear cub,cub,3,0.5588667392730713,0.849590003490448,-0.2907232642173767
lion cub,cub,3,0.514970600605011,0.8534737229347229,-0.3385031223297119
tiger cub,cub,3,0.6172524690628052,0.813930869102478,-0.19667840003967285
feist,cur,3,0.4398321211338043,0.10153621435165405,0.33829590678215027
pariah dog,cur,3,0.47873619198799133,0.15590974688529968,0.32282644510269165
army cutworm,cutworm,3,0.8105114698410034,0.6957975029945374,0.11471396684646606
liver-spotted dalmatian,dalmatian,3,0.7137665152549744,1.0,-0.28623348474502563
baby,fetus,3,0.32391104102134705,0.41880348324775696,-0.09489244222640991
monster,fetus,3,0.2579151690006256,-0.003616411704570055,0.26153158070519567
fluke,flatworm,3,0.5029231905937195,0.20855049788951874,0.29437269270420074
tapeworm,flatworm,3,0.7833567261695862,0.1784006804227829,0.6049560457468033
colt,foal,3,0.3195972442626953,0.3328242301940918,-0.013226985931396484
filly,foal,3,0.43308907747268677,0.34453538060188293,0.08855369687080383
abalone,gastropod,3,0.5048455595970154,0.26691174507141113,0.23793381452560425
bubble shell,gastropod,3,0.6279245018959045,0.20967629551887512,0.4182482063770294
conch,gastropod,3,0.402349054813385,0.16285866498947144,0.23949038982391357
cowrie,gastropod,3,0.5180808305740356,0.2589830160140991,0.2590978145599365
river limpet,gastropod,3,0.14967671036720276,0.3062609136104584,-0.15658420324325562
sea hare,gastropod,3,0.563432514667511,0.3158864676952362,0.24754604697227478
sea slug,gastropod,3,0.49156656861305237,0.40408289432525635,0.08748367428779602
slug,gastropod,3,0.9178004264831543,0.29018983244895935,0.627610594034195
snail,gastropod,3,0.8002901077270508,0.7399841547012329,0.06030595302581787
Venus's flower basket,glass sponge,3,0.49407750368118286,0.33458128571510315,0.1594962179660797
Brabancon griffon,griffon,3,0.8107317686080933,1.0,-0.18926823139190674
black grouse,grouse,3,0.6327028274536133,0.7923742532730103,-0.15967142581939697
capercaillie,grouse,3,0.38535013794898987,0.3907354474067688,-0.005385309457778931
prairie chicken,grouse,3,0.45522716641426086,0.2603275179862976,0.19489964842796326
ptarmigan,grouse,3,0.3535141050815582,0.39848148822784424,-0.04496738314628601
ruffed grouse,grouse,3,0.610602617263794,0.8718026876449585,-0.26120007038116455
sage grouse,grouse,3,0.6841907501220703,0.842136800289154,-0.15794605016708374
sharp-tailed grouse,grouse,3,0.4959487318992615,0.8249856233596802,-0.3290368914604187
spruce grouse,grouse,3,0.5943842530250549,0.8578605651855469,-0.26347631216049194
Rhodesian ridgeback,hunting dog,3,0.47004470229148865,0.11365039646625519,0.35639430582523346
courser,hunting dog,3,0.4406336843967438,-0.034482818096876144,0.4751165024936199
dachshund,hunting dog,3,0.37672606110572815,0.21426349878311157,0.16246256232261658
hound,hunting dog,3,0.4352956712245941,0.5115796327590942,-0.07628396153450012
sporting dog,hunting dog,3,0.6976098418235779,0.701284646987915,-0.003674805164337158
terrier,hunting dog,3,0.5387101769447327,0.3287726044654846,0.20993757247924805
beetle,insect,3,0.7305716872215271,0.5118557214736938,0.21871596574783325
bird louse,insect,3,0.4266178607940674,0.48518961668014526,-0.05857175588607788
bug,insect,3,0.7381527423858643,0.43840792775154114,0.2997448146343231
dictyopterous insect,insect,3,0.3942197561264038,1.0,-0.6057802438735962
dipterous insect,insect,3,0.5469675064086914,1.0,-0.4530324935913086
earwig,insect,3,0.5968155264854431,0.1134689599275589,0.4833465665578842
flea,insect,3,0.7382938265800476,0.31919682025909424,0.41909700632095337
hemipterous insect,insect,3,0.49974769353866577,1.0,-0.5002523064613342
heteropterous insect,insect,3,0.4294285476207733,1.0,-0.5705714523792267
homopterous insect,insect,3,0.4519045650959015,1.0,-0.5480954349040985
hymenopterous insect,insect,3,0.40955305099487305,1.0,-0.590446949005127
imago,insect,3,0.26284483075141907,0.164946511387825,0.09789831936359406
leaf miner,insect,3,0.6941754817962646,0.1867726445198059,0.5074028372764587
lepidopterous insect,insect,3,0.43528297543525696,1.0,-0.564717024564743
louse,insect,3,0.4450809061527252,0.32197481393814087,0.12310609221458435
orthopterous insect,insect,3,0.40246298909187317,1.0,-0.5975370109081268
pollinator,insect,3,0.5982939004898071,0.27639245986938477,0.32190144062042236
psocopterous insect,insect,3,0.4312877357006073,1.0,-0.5687122642993927
pupa,insect,3,0.4527062177658081,0.23656412959098816,0.21614208817481995
queen,insect,3,0.6318902373313904,0.14146041870117188,0.4904298186302185
social insect,insect,3,0.7412422895431519,0.7569338083267212,-0.015691518783569336
stonefly,insect,3,0.6072325110435486,0.17731988430023193,0.42991262674331665
termite,insect,3,0.3908252716064453,0.3703266680240631,0.020498603582382202
thysanuran insect,insect,3,0.4101123809814453,1.0,-0.5898876190185547
trichopterous insect,insect,3,0.43875202536582947,1.0,-0.5612479746341705
web spinner,insect,3,0.48747768998146057,0.12913943827152252,0.35833825170993805
worker,insect,3,0.6629875898361206,0.06512618809938431,0.5978614017367363
Aegina,jellyfish,3,0.4016256332397461,0.11985697597265244,0.28176865726709366
Persian lamb,lamb,3,0.6582820415496826,0.7238961458206177,-0.06561410427093506
hog,lamb,3,0.7418323159217834,0.20776934921741486,0.5340629667043686
teg,lamb,3,0.5644190907478333,-0.08811837434768677,0.65253746509552
female mammal,mammal,3,0.5326671600341797,0.7826995849609375,-0.2500324249267578
fossorial mammal,mammal,3,0.3867856562137604,0.7936488389968872,-0.40686318278312683
placental,mammal,3,0.45634689927101135,0.2890879213809967,0.16725897789001465
tusker,mammal,3,0.40224379301071167,0.04000401124358177,0.3622397817671299
Guinea worm,nematode,3,0.5273103713989258,0.35106903314590454,0.17624133825302124
chicken roundworm,nematode,3,0.5148758888244629,0.33759966492652893,0.17727622389793396
common roundworm,nematode,3,0.555812418460846,0.4118362069129944,0.14397621154785156
filaria,nematode,3,0.5405855774879456,0.18405520915985107,0.3565303683280945
hookworm,nematode,3,0.5601880550384521,0.3524850308895111,0.20770302414894104
packhorse,pack animal,3,0.7663444876670837,-0.16483238339424133,0.9311768710613251
sucking pig,piglet,3,0.69547039270401,0.2543521821498871,0.4411182105541229
large poodle,poodle,3,0.863645613193512,0.7374571561813354,0.1261884570121765
miniature poodle,poodle,3,0.8908897042274475,0.850551426410675,0.04033827781677246
standard poodle,poodle,3,0.8446855545043945,0.7942463159561157,0.05043923854827881
toy poodle,poodle,3,0.8837752938270569,0.8163665533065796,0.0674087405204773
puppy,pup,3,0.7145171165466309,0.44415533542633057,0.2703617811203003
diapsid,reptile,3,0.3518391251564026,0.4398226737976074,-0.08798354864120483
synapsid,reptile,3,0.43629390001296997,0.21531035006046295,0.22098354995250702
trepang,sea cucumber,3,0.2887076437473297,0.27274349331855774,0.015964150428771973
edible sea urchin,sea urchin,3,0.9352909326553345,0.903160035610199,0.0321308970451355
heart urchin,sea urchin,3,0.7315725684165955,0.6604158878326416,0.07115668058395386
sand dollar,sea urchin,3,0.3175860345363617,0.2283114492893219,0.0892745852470398
ailanthus silkworm,silkworm,3,0.7305270433425903,0.7904562950134277,-0.0599292516708374
Pomeranian,spitz,3,0.3198949694633484,0.03848337382078171,0.2814115956425667
Samoyed,spitz,3,0.3736744225025177,0.137925386428833,0.2357490360736847
chow,spitz,3,0.36065179109573364,0.08299756795167923,0.2776542231440544
stud,stallion,3,0.6751368641853333,0.5606792569160461,0.11445760726928711
forest tent caterpillar,tent caterpillar,3,0.9530487060546875,0.8506288528442383,0.10241985321044922
quadruped,tetrapod,3,0.4458344578742981,0.11764255166053772,0.3281919062137604
gib,tom,3,0.5963439345359802,0.002299658488482237,0.594044276047498
Chihuahua,toy dog,3,0.48505374789237976,0.25060853362083435,0.2344452142715454
Japanese spaniel,toy dog,3,0.5102329254150391,0.3752681016921997,0.13496482372283936
Maltese dog,toy dog,3,0.7846810221672058,0.6414533257484436,0.1432276964187622
Pekinese,toy dog,3,0.38974711298942566,0.15559421479701996,0.2341528981924057
toy spaniel,toy dog,3,0.6902194619178772,0.7138425707817078,-0.023623108863830566
toy terrier,toy dog,3,0.6558353900909424,0.7539268136024475,-0.09809142351150513
fall webworm,webworm,3,0.8419514298439026,0.7909205555915833,0.051030874252319336
garden webworm,webworm,3,0.853476881980896,0.7106870412826538,0.1427898406982422
woolly bear moth,woolly bear,3,0.8592725992202759,0.8384958505630493,0.020776748657226562
Eskimo dog,working dog,3,0.4943210780620575,0.6212489604949951,-0.12692788243293762
Great Dane,working dog,3,0.6825668215751648,0.34914660453796387,0.3334202170372009
Saint Bernard,working dog,3,0.48704618215560913,0.13487137854099274,0.3521748036146164
boxer,working dog,3,0.5936735272407532,0.23132354021072388,0.3623499870300293
bull mastiff,working dog,3,0.6150957345962524,0.23491446673870087,0.3801812678575516
bulldog,working dog,3,0.49190446734428406,0.23714770376682281,0.25475676357746124
guide dog,working dog,3,0.7087985277175903,0.7649561166763306,-0.056157588958740234
hearing dog,working dog,3,0.6844049096107483,0.7206173539161682,-0.03621244430541992
mastiff,working dog,3,0.7264969348907471,0.07846546173095703,0.64803147315979
police dog,working dog,3,0.7981279492378235,0.7445992231369019,0.05352872610092163
seizure-alert dog,working dog,3,0.6306760907173157,0.8364787697792053,-0.20580267906188965
shepherd dog,working dog,3,0.716442346572876,0.7260850667953491,-0.009642720222473145
sled dog,working dog,3,0.5654699206352234,0.6819753646850586,-0.1165054440498352
watchdog,working dog,3,0.6020280122756958,0.2117995321750641,0.3902284801006317
